Blocks-link,Thumbnail,GitHub
http://bl.ocks.org/agreiner/9533189,http://bl.ocks.org/agreiner/raw/9533189/thumbnail.png,agreiner
http://bl.ocks.org/alexmasselot,http://bl.ocks.org/alexmasselot/raw/9399600/thumbnail.png,alexmasselot
http://bl.ocks.org/bakks/9405946,http://bl.ocks.org/bakks/raw/9405946/thumbnail.png,bakks
http://bl.ocks.org/alicial/9594930,http://bl.ocks.org/alicial/raw/9594930/thumbnail.png,alicial
http://bl.ocks.org/alignedleft/9471486,http://bl.ocks.org/alignedleft/raw/9471486/thumbnail.png,alignedleft
http://bl.ocks.org/azza-bazoo/9381206,http://bl.ocks.org/azza-bazoo/raw/9381206/thumbnail.png,azza-bazoo
http://bl.ocks.org/erlenstar/9421804,http://bl.ocks.org/erlenstar/raw/9421804/thumbnail.png,erlenstar
http://bl.ocks.org/gelicia/9277116,http://bl.ocks.org/gelicia/raw/9277116/thumbnail.png,gelicia
http://bl.ocks.org/janicesunjoo,http://bl.ocks.org/janicesunjoo/raw/9492406/thumbnail.png,janicesunjoo
http://bl.ocks.org/jebeck,http://bl.ocks.org/jebeck/raw/9671241/thumbnail.png,jebeck
http://bl.ocks.org/jsundram/5605982,http://bl.ocks.org/jsundram/raw/5605982/thumbnail.png,jsundram
http://bl.ocks.org/kenpenn/9476266,http://bl.ocks.org/kenpenn/raw/9476266/thumbnail.png,kenpenn
http://bl.ocks.org/look/9360469,http://bl.ocks.org/look/raw/9360469/thumbnail.png,look
http://bl.ocks.org/ltsung/,http://bl.ocks.org/ltsung/raw/9321906/thumbnail.png,ltsung
http://bl.ocks.org/mkscrg/9544426,http://bl.ocks.org/mkscrg/raw/9544426/thumbnail.png,mkscrg
http://bl.ocks.org/mzwemer,http://bl.ocks.org/mzwemer/raw/9473642/thumbnail.png,mzwemer
http://bl.ocks.org/saraquigley,http://bl.ocks.org/saraquigley/raw/4172341/thumbnail.png,saraquigley
http://bl.ocks.org/seemantk/9852608,http://bl.ocks.org/seemantk/raw/9852608/thumbnail.png,seemantk
http://bl.ocks.org/shobhitg/8790730,http://bl.ocks.org/shobhitg/raw/8790730/thumbnail.png,shobhitg
http://bl.ocks.org/slnader,http://bl.ocks.org/slnader/raw/9452976/thumbnail.png,slnader
http://bl.ocks.org/StewartNoyce,http://bl.ocks.org/StewartNoyce/raw/8699346/thumbnail.png,stewartnoyce
http://bl.ocks.org/trinary/9294388,http://bl.ocks.org/trinary/raw/9294388/thumbnail.png,trinary
http://bl.ocks.org/visnup/5607166,http://bl.ocks.org/visnup/raw/5607166/thumbnail.png,visnup
http://bl.ocks.org/vlandham/9313904,http://bl.ocks.org/vlandham/raw/9313904/thumbnail.png,vlandham
http://bl.ocks.org/zachmargolis/9315833,http://bl.ocks.org/zachmargolis/raw/9315833/thumbnail.png,zachmargolis
http://bl.ocks.org/bdon/9791513,http://bl.ocks.org/bdon/raw/9791513/thumbnail.png,bdon
http://bl.ocks.org/enoex/9626212,http://bl.ocks.org/enoex/raw/9626212/thumbnail.png,enoex
http://bl.ocks.org/keiono/9283085,http://bl.ocks.org/keiono/raw/9283085/thumbnail.png,keiono
http://bl.ocks.org/boeric/9775876,http://bl.ocks.org/boeric/raw/9775876/thumbnail.png,boeric
http://bl.ocks.org/jm3/9768799,http://bl.ocks.org/jm3/raw/9768799/thumbnail.png,jm3
http://bl.ocks.org/susielu/9526340,http://bl.ocks.org/susie-svds/raw/8100308/thumbnail.png,susielu
http://bl.ocks.org/jm3/9870108,http://bl.ocks.org/jm3/raw/9870108/thumbnail.png,jm3
